{
  "scifact": {
    "bm25_only": {
      "nDCG@10": 0.6850466116871007,
      "MRR@10": 0.6503134920634921,
      "Recall@10": 0.8092777777777778,
      "Recall@100": 0.8929999999999999,
      "num_queries": 300,
      "elapsed_seconds": 91.8
    },
    "bm25_graph": {
      "nDCG@10": 0.6871497108656721,
      "MRR@10": 0.6530912698412699,
      "Recall@10": 0.8092777777777778,
      "Recall@100": 0.8929999999999999,
      "num_queries": 300,
      "elapsed_seconds": 91.5
    },
    "bm25_actr": {
      "nDCG@10": 0.6852777771766747,
      "MRR@10": 0.6514047619047619,
      "Recall@10": 0.8059444444444445,
      "Recall@100": 0.8929999999999999,
      "num_queries": 300,
      "elapsed_seconds": 90.0
    },
    "bm25_splade": {
      "nDCG@10": 0.6998906409060237,
      "MRR@10": 0.6667685185185186,
      "Recall@10": 0.8248888888888889,
      "Recall@100": 0.9436666666666668,
      "num_queries": 300,
      "elapsed_seconds": 108.6
    },
    "bm25_splade_graph": {
      "nDCG@10": 0.6980660579190295,
      "MRR@10": 0.6651058201058201,
      "Recall@10": 0.8237777777777777,
      "Recall@100": 0.9436666666666668,
      "num_queries": 300,
      "elapsed_seconds": 110.2
    },
    "full": {
      "nDCG@10": 0.7018523078650377,
      "MRR@10": 0.6672460317460317,
      "Recall@10": 0.8298888888888889,
      "Recall@100": 0.9436666666666668,
      "num_queries": 300,
      "elapsed_seconds": 111.8
    }
  }
}