{
  "scifact": {
    "bm25_only": {
      "nDCG@10": 0.6871497108656721,
      "MRR@10": 0.6530912698412699,
      "Recall@10": 0.8092777777777778,
      "Recall@100": 0.8929999999999999,
      "num_queries": 300,
      "elapsed_seconds": 105.6
    },
    "bm25_graph": {
      "nDCG@10": 0.6900466116871006,
      "MRR@10": 0.6569801587301587,
      "Recall@10": 0.8092777777777778,
      "Recall@100": 0.8929999999999999,
      "num_queries": 300,
      "elapsed_seconds": 92.1
    },
    "bm25_actr": {
      "nDCG@10": 0.6857695009448506,
      "MRR@10": 0.650436507936508,
      "Recall@10": 0.8092777777777778,
      "Recall@100": 0.8929999999999999,
      "num_queries": 300,
      "elapsed_seconds": 91.1
    },
    "bm25_splade": {
      "nDCG@10": 0.6972793533115583,
      "MRR@10": 0.6670661375661375,
      "Recall@10": 0.8121111111111111,
      "Recall@100": 0.9253333333333335,
      "num_queries": 300,
      "elapsed_seconds": 123.1
    },
    "bm25_splade_graph": {
      "nDCG@10": 0.6976137093092574,
      "MRR@10": 0.6673637566137566,
      "Recall@10": 0.8121111111111111,
      "Recall@100": 0.9253333333333335,
      "num_queries": 300,
      "elapsed_seconds": 125.2
    },
    "full": {
      "nDCG@10": 0.6903046557983991,
      "MRR@10": 0.6586084656084655,
      "Recall@10": 0.8064444444444444,
      "Recall@100": 0.9253333333333335,
      "num_queries": 300,
      "elapsed_seconds": 125.3
    },
    "full_keywords": {
      "nDCG@10": 0.031576019895934386,
      "MRR@10": 0.03666666666666667,
      "Recall@10": 0.03027777777777778,
      "Recall@100": 0.03027777777777778,
      "num_queries": 300,
      "elapsed_seconds": 91.5
    },
    "full_keywords_judge": {
      "nDCG@10": 0.031576019895934386,
      "MRR@10": 0.03666666666666667,
      "Recall@10": 0.03027777777777778,
      "Recall@100": 0.03027777777777778,
      "num_queries": 300,
      "elapsed_seconds": 2754.9
    }
  }
}