{
  "scifact": {
    "bm25_only": {
      "nDCG@10": 0.6852179342011444,
      "MRR@10": 0.6510079365079365,
      "Recall@10": 0.8076111111111111,
      "Recall@100": 0.8863333333333333,
      "num_queries": 300,
      "elapsed_seconds": 332.2
    },
    "bm25_graph": {
      "nDCG@10": 0.6859198952221455,
      "MRR@10": 0.6477976190476191,
      "Recall@10": 0.8217777777777777,
      "Recall@100": 0.8863333333333333,
      "num_queries": 300,
      "elapsed_seconds": 301.0
    },
    "bm25_actr": {
      "nDCG@10": 0.36712484687954217,
      "MRR@10": 0.31285978835978834,
      "Recall@10": 0.5615,
      "Recall@100": 0.8863333333333333,
      "num_queries": 300,
      "elapsed_seconds": 334.7
    },
    "bm25_splade": {
      "nDCG@10": 0.7100753570252901,
      "MRR@10": 0.6792936507936508,
      "Recall@10": 0.8304444444444444,
      "Recall@100": 0.9453333333333334,
      "num_queries": 300,
      "elapsed_seconds": 381.2
    },
    "bm25_splade_graph": {
      "nDCG@10": 0.7069560768089018,
      "MRR@10": 0.6708968253968254,
      "Recall@10": 0.840388888888889,
      "Recall@100": 0.9453333333333334,
      "num_queries": 300,
      "elapsed_seconds": 283.3
    },
    "full": {
      "nDCG@10": 0.07023709130981454,
      "MRR@10": 0.06844444444444445,
      "Recall@10": 0.0811111111111111,
      "Recall@100": 0.9453333333333334,
      "num_queries": 300,
      "elapsed_seconds": 133.4
    },
    "tuned": {
      "nDCG@10": 0.7069560768089018,
      "MRR@10": 0.6708968253968254,
      "Recall@10": 0.840388888888889,
      "Recall@100": 0.9453333333333334,
      "num_queries": 300,
      "elapsed_seconds": 162.1
    }
  }
}