{
  "scifact": {
    "bm25_only": {
      "nDCG@10": 0.6852179342011444,
      "MRR@10": 0.6510079365079365,
      "Recall@10": 0.8076111111111111,
      "Recall@100": 0.8863333333333333,
      "num_queries": 300,
      "elapsed_seconds": 240.5
    },
    "bm25_graph": {
      "nDCG@10": 0.6859198952221455,
      "MRR@10": 0.6477976190476191,
      "Recall@10": 0.8217777777777777,
      "Recall@100": 0.8863333333333333,
      "num_queries": 300,
      "elapsed_seconds": 208.7
    },
    "bm25_actr": {
      "nDCG@10": 0.36850940036164415,
      "MRR@10": 0.31692592592592594,
      "Recall@10": 0.5581666666666666,
      "Recall@100": 0.8863333333333333,
      "num_queries": 300,
      "elapsed_seconds": 209.1
    },
    "bm25_splade": {
      "nDCG@10": 0.7100753570252901,
      "MRR@10": 0.6792936507936508,
      "Recall@10": 0.8304444444444444,
      "Recall@100": 0.9453333333333334,
      "num_queries": 300,
      "elapsed_seconds": 283.0
    },
    "bm25_splade_graph": {
      "nDCG@10": 0.7069560768089018,
      "MRR@10": 0.6708968253968254,
      "Recall@10": 0.840388888888889,
      "Recall@100": 0.9453333333333334,
      "num_queries": 300,
      "elapsed_seconds": 208.1
    },
    "full": {
      "nDCG@10": 0.07188944401683371,
      "MRR@10": 0.0675,
      "Recall@10": 0.09166666666666666,
      "Recall@100": 0.9453333333333334,
      "num_queries": 300,
      "elapsed_seconds": 218.1
    },
    "tuned": {
      "nDCG@10": 0.7069560768089018,
      "MRR@10": 0.6708968253968254,
      "Recall@10": 0.840388888888889,
      "Recall@100": 0.9453333333333334,
      "num_queries": 300,
      "elapsed_seconds": 207.1
    }
  }
}