{
  "overall": {
    "Recall@5": 0.13746223564954682,
    "Contains": 0.3610271903323263,
    "F1": 0.02160303537617809,
    "num_questions": 1986.0,
    "num_conversations": 10.0
  },
  "per_conversation": {
    "0": {
      "Recall@5": 0.07035175879396985,
      "Contains": 0.2964824120603015,
      "F1": 0.01675936317642636,
      "num_questions": 199.0,
      "Recall@5_1": 0.0,
      "num_1": 32.0,
      "Recall@5_2": 0.0,
      "num_2": 37.0,
      "Recall@5_3": 0.0,
      "num_3": 13.0,
      "Recall@5_4": 0.18571428571428572,
      "num_4": 70.0,
      "Recall@5_5": 0.02127659574468085,
      "num_5": 47.0
    },
    "1": {
      "Recall@5": 0.06666666666666667,
      "Contains": 0.29523809523809524,
      "F1": 0.02026881572624873,
      "num_questions": 105.0,
      "Recall@5_1": 0.09090909090909091,
      "num_1": 11.0,
      "Recall@5_2": 0.0,
      "num_2": 26.0,
      "Recall@5_4": 0.13636363636363635,
      "num_4": 44.0,
      "Recall@5_5": 0.0,
      "num_5": 24.0
    },
    "2": {
      "Recall@5": 0.17098445595854922,
      "Contains": 0.38341968911917096,
      "F1": 0.019913544370910974,
      "num_questions": 193.0,
      "Recall@5_1": 0.03225806451612903,
      "num_1": 31.0,
      "Recall@5_2": 0.037037037037037035,
      "num_2": 27.0,
      "Recall@5_3": 0.0,
      "num_3": 8.0,
      "Recall@5_4": 0.36046511627906974,
      "num_4": 86.0,
      "Recall@5_5": 0.0,
      "num_5": 41.0
    },
    "3": {
      "Recall@5": 0.11923076923076924,
      "Contains": 0.35384615384615387,
      "F1": 0.018693773873364992,
      "num_questions": 260.0,
      "Recall@5_1": 0.02702702702702703,
      "num_1": 37.0,
      "Recall@5_2": 0.025,
      "num_2": 40.0,
      "Recall@5_3": 0.09090909090909091,
      "num_3": 11.0,
      "Recall@5_4": 0.25225225225225223,
      "num_4": 111.0,
      "Recall@5_5": 0.0,
      "num_5": 61.0
    },
    "4": {
      "Recall@5": 0.14049586776859505,
      "Contains": 0.4049586776859504,
      "F1": 0.02516984281692248,
      "num_questions": 242.0,
      "Recall@5_1": 0.0,
      "num_1": 31.0,
      "Recall@5_2": 0.0,
      "num_2": 26.0,
      "Recall@5_3": 0.0,
      "num_3": 14.0,
      "Recall@5_4": 0.3177570093457944,
      "num_4": 107.0,
      "Recall@5_5": 0.0,
      "num_5": 64.0
    },
    "5": {
      "Recall@5": 0.20253164556962025,
      "Contains": 0.4240506329113924,
      "F1": 0.02125462012689655,
      "num_questions": 158.0,
      "Recall@5_1": 0.2,
      "num_1": 30.0,
      "Recall@5_2": 0.08333333333333333,
      "num_2": 24.0,
      "Recall@5_3": 0.0,
      "num_3": 7.0,
      "Recall@5_4": 0.3870967741935484,
      "num_4": 62.0,
      "Recall@5_5": 0.0,
      "num_5": 35.0
    },
    "6": {
      "Recall@5": 0.14736842105263157,
      "Contains": 0.35789473684210527,
      "F1": 0.020392844813710554,
      "num_questions": 190.0,
      "Recall@5_1": 0.1,
      "num_1": 20.0,
      "Recall@5_2": 0.0,
      "num_2": 34.0,
      "Recall@5_3": 0.0,
      "num_3": 13.0,
      "Recall@5_4": 0.3132530120481928,
      "num_4": 83.0,
      "Recall@5_5": 0.0,
      "num_5": 40.0
    },
    "7": {
      "Recall@5": 0.14225941422594143,
      "Contains": 0.34309623430962344,
      "F1": 0.026434634321922817,
      "num_questions": 239.0,
      "Recall@5_1": 0.047619047619047616,
      "num_1": 21.0,
      "Recall@5_2": 0.07142857142857142,
      "num_2": 42.0,
      "Recall@5_3": 0.1,
      "num_3": 10.0,
      "Recall@5_4": 0.2457627118644068,
      "num_4": 118.0,
      "Recall@5_5": 0.0,
      "num_5": 48.0
    },
    "8": {
      "Recall@5": 0.14285714285714285,
      "Contains": 0.3469387755102041,
      "F1": 0.025613187925090295,
      "num_questions": 196.0,
      "Recall@5_1": 0.02702702702702703,
      "num_1": 37.0,
      "Recall@5_2": 0.0,
      "num_2": 33.0,
      "Recall@5_3": 0.07692307692307693,
      "num_3": 13.0,
      "Recall@5_4": 0.3561643835616438,
      "num_4": 73.0,
      "Recall@5_5": 0.0,
      "num_5": 40.0
    },
    "9": {
      "Recall@5": 0.1568627450980392,
      "Contains": 0.38235294117647056,
      "F1": 0.019973329266945384,
      "num_questions": 204.0,
      "Recall@5_1": 0.09375,
      "num_1": 32.0,
      "Recall@5_2": 0.0,
      "num_2": 32.0,
      "Recall@5_3": 0.14285714285714285,
      "num_3": 7.0,
      "Recall@5_4": 0.3218390804597701,
      "num_4": 87.0,
      "Recall@5_5": 0.0,
      "num_5": 46.0
    }
  }
}