{
  "scifact": {
    "bm25_only": {
      "nDCG@10": 0.6871497108656721,
      "MRR@10": 0.6530912698412699,
      "Recall@10": 0.8092777777777778,
      "Recall@100": 0.8929999999999999,
      "num_queries": 300,
      "elapsed_seconds": 78.6
    },
    "bm25_graph": {
      "nDCG@10": 0.6887593511388611,
      "MRR@10": 0.6553134920634921,
      "Recall@10": 0.8092777777777778,
      "Recall@100": 0.8929999999999999,
      "num_queries": 300,
      "elapsed_seconds": 83.4
    },
    "bm25_actr": {
      "nDCG@10": 0.6864456572753355,
      "MRR@10": 0.6533809523809524,
      "Recall@10": 0.8059444444444445,
      "Recall@100": 0.8929999999999999,
      "num_queries": 300,
      "elapsed_seconds": 228.4
    },
    "bm25_splade": {
      "nDCG@10": 0.7196851085274746,
      "MRR@10": 0.6932354497354497,
      "Recall@10": 0.8302777777777778,
      "Recall@100": 0.9453333333333334,
      "num_queries": 300,
      "elapsed_seconds": 548.8
    },
    "bm25_splade_graph": {
      "nDCG@10": 0.7205579735512844,
      "MRR@10": 0.6943465608465609,
      "Recall@10": 0.8302777777777778,
      "Recall@100": 0.9453333333333334,
      "num_queries": 300,
      "elapsed_seconds": 718.5
    },
    "full": {
      "nDCG@10": 0.7180486778186231,
      "MRR@10": 0.6891283068783068,
      "Recall@10": 0.8369444444444445,
      "Recall@100": 0.9453333333333334,
      "num_queries": 300,
      "elapsed_seconds": 1262.1
    },
    "tuned": {
      "nDCG@10": 0.7205579735512844,
      "MRR@10": 0.6943465608465609,
      "Recall@10": 0.8302777777777778,
      "Recall@100": 0.9453333333333334,
      "num_queries": 300,
      "elapsed_seconds": 1935.6
    }
  }
}