{
  "nfcorpus": {
    "bm25_only": {
      "nDCG@10": 0.31880260679455064,
      "MRR@10": 0.5233807558110964,
      "Recall@10": 0.15075911165736386,
      "Recall@100": 0.21521930551875912,
      "num_queries": 323,
      "elapsed_seconds": 338.7
    },
    "bm25_graph": {
      "nDCG@10": 0.31982956812262126,
      "MRR@10": 0.5246375743279768,
      "Recall@10": 0.15130875443537484,
      "Recall@100": 0.21881298329469023,
      "num_queries": 323,
      "elapsed_seconds": 282.8
    },
    "bm25_actr": {
      "nDCG@10": 0.31394624729700144,
      "MRR@10": 0.5121443314167772,
      "Recall@10": 0.1514304621544415,
      "Recall@100": 0.21521930551875912,
      "num_queries": 323,
      "elapsed_seconds": 275.0
    },
    "bm25_splade": {
      "nDCG@10": 0.3494721397039517,
      "MRR@10": 0.5670573492554917,
      "Recall@10": 0.1670922138744665,
      "Recall@100": 0.2649528748292642,
      "num_queries": 323,
      "elapsed_seconds": 476.0
    },
    "bm25_splade_graph": {
      "nDCG@10": 0.3505526777370063,
      "MRR@10": 0.570686520222124,
      "Recall@10": 0.16740543016572085,
      "Recall@100": 0.2692883985953421,
      "num_queries": 323,
      "elapsed_seconds": 484.0
    },
    "full": {
      "nDCG@10": 0.3474474409889709,
      "MRR@10": 0.5741424640031451,
      "Recall@10": 0.16651839931535842,
      "Recall@100": 0.2692883985953421,
      "num_queries": 323,
      "elapsed_seconds": 487.0
    },
    "tuned": {
      "nDCG@10": 0.3505526777370063,
      "MRR@10": 0.570686520222124,
      "Recall@10": 0.16740543016572085,
      "Recall@100": 0.2692883985953421,
      "num_queries": 323,
      "elapsed_seconds": 488.2
    }
  }
}