{
  "ncms": {
    "system": "ncms",
    "ingestion": {
      "docs_ingested": 503,
      "docs_total": 680,
      "ingestion_seconds": 829.8435876369476
    },
    "metrics": {
      "ar": {
        "nDCG@10": 0.17496244560349583,
        "MRR@10": 0.34524059099530796,
        "Recall@10": 0.12374938423628334,
        "Recall@100": 0.33305595718348463,
        "num_queries": 159
      },
      "ttl": {
        "accuracy": 0.6529411764705882,
        "num_queries": 170
      },
      "cr": {
        "temporal_mrr": 0.0946676892338286,
        "nDCG@10": 0.17346917878544005,
        "num_queries": 146
      },
      "lru": {
        "nDCG@10": 0.35400259150313057,
        "MRR@10": 0.612989417989418,
        "Recall@10": 0.13817079610649305,
        "Recall@100": 0.20587061900836787,
        "num_queries": 45
      },
      "recall_ar": {
        "nDCG@10": 0.20305158742386276,
        "MRR@10": 0.38390486173505045,
        "Recall@10": 0.14415957274953697,
        "Recall@100": 0.21628803815408398,
        "num_queries": 159
      },
      "recall_lru": {
        "nDCG@10": 0.3507796804047481,
        "MRR@10": 0.612989417989418,
        "Recall@10": 0.13563259356829055,
        "Recall@100": 0.1884183484768223,
        "num_queries": 45
      }
    },
    "total_seconds": 2218.875884771347
  },
  "mem0": {
    "system": "mem0",
    "embedding_model": "text-embedding-3-small",
    "ingestion": {
      "docs_ingested": 221,
      "docs_total": 680,
      "ingestion_seconds": 3413.06316113472
    },
    "metrics": {
      "ar": {
        "nDCG@10": 0.15501573323988485,
        "MRR@10": 0.34104272736348207,
        "Recall@10": 0.10115316460886124,
        "Recall@100": 0.2272361697348384,
        "num_queries": 159
      },
      "ttl": {
        "accuracy": 0.5941176470588235,
        "num_queries": 170
      },
      "cr": {
        "temporal_mrr": 0.014995286274074692,
        "nDCG@10": 0.08932786689602817,
        "num_queries": 146
      },
      "lru": {
        "nDCG@10": 0.1979424606756111,
        "MRR@10": 0.5306437389770723,
        "Recall@10": 0.05095419756053964,
        "Recall@100": 0.1450855166269929,
        "num_queries": 45
      }
    },
    "total_seconds": 3582.9690630435944
  }
}